"ap_dict_id","pathway","ap_group","pathway_nodes","pathway_edges","betweenness","degree","noSubgraphs","impact_score"
1,"00010","≥80%",58,190,0.0254803675856307,11,2,29.5
13,"00010","≥80%",58,190,0.0281954887218045,8,2,29.5
14,"00010","≥80%",58,190,0.0490288220551378,6,2,29.5
693,"00071","≥80%",74,147,0.0197869101978691,2,3,49.6666666666667
697,"00071","<30%",74,147,0.0100837138508371,2,3,49.6666666666667
711,"00071","<30%",74,147,0.0291095890410959,2,3,49.6666666666667
712,"00071","<30%",74,147,0.0384005580923389,5,3,49.6666666666667
3952,"00623","<30%",36,37,0,3,9,32.1111111111111
3956,"00623","<30%",36,37,0.00336134453781513,5,8,31.625
3957,"00623","<30%",36,37,0.00252100840336134,3,8,31.625
3960,"00623","<30%",36,37,0,3,9,32.1111111111111
3961,"00623","<30%",36,37,0,5,8,31.625
3962,"00623","<30%",36,37,0.000840336134453782,2,8,31.625
3966,"00623","<30%",36,37,0.00504201680672269,3,9,32.1111111111111
3968,"00623","<30%",36,37,0.000840336134453782,2,8,31.625
3974,"00623","≥80%",36,37,0.00168067226890756,2,8,31.625
3975,"00623","<30%",36,37,0.00168067226890756,2,8,31.625
3979,"00623","<30%",36,37,0.00252100840336134,3,8,31.625
3985,"00623","<30%",36,37,0.00252100840336134,5,8,31.625
3986,"00623","<30%",36,37,0.00672268907563025,5,8,31.625
3991,"00624","<30%",24,31,0.00395256916996047,3,5,19.4
3992,"00624","<30%",24,31,0.00395256916996047,2,5,19.4
3994,"00624","<30%",24,31,0,2,5,19.4
4002,"00624","<30%",24,31,0.0158102766798419,3,5,19.4
4003,"00624","<30%",24,31,0.0177865612648221,2,5,19.4
4004,"00624","<30%",24,31,0.0158102766798419,6,5,19.4
4007,"00624","<30%",24,31,0,2,5,19.4
4008,"00624","<30%",24,31,0.00197628458498024,6,5,19.4
4010,"00624","<30%",24,31,0.00988142292490119,6,5,19.4
4011,"00624","<30%",24,31,0,2,5,19.4
4017,"00624","<30%",24,31,0.00197628458498024,2,5,19.4
4021,"00625","<30%",27,26,0,2,7,23.2857142857143
4023,"00625","<30%",27,26,0.00461538461538462,3,7,23.2857142857143
4027,"00625","≥80%",27,26,0.00153846153846154,2,7,23.2857142857143
4028,"00625","≥80%",27,26,0.00153846153846154,2,7,23.2857142857143
4040,"00625","<30%",27,26,0.0138461538461538,5,7,23.2857142857143
4054,"00626","<30%",13,11,0,2,4,10
4056,"00626","<30%",13,11,0.0454545454545455,2,4,10
4057,"00626","<30%",13,11,0.0757575757575758,2,4,10
4058,"00626","<30%",13,11,0.0909090909090909,2,4,10
4059,"00626","<30%",13,11,0.0909090909090909,2,4,10
4060,"00626","<30%",13,11,0.0757575757575758,3,4,10
4069,"00627","<30%",55,102,0,5,4,41.5
4074,"00627","<30%",55,102,0.00419287211740042,3,4,41.5
4078,"00627","<30%",55,102,0.000349406009783368,3,4,41.5
4081,"00627","<30%",55,102,0.00419287211740042,4,4,41.5
4082,"00627","<30%",55,102,0.000698812019566737,2,4,41.5
4084,"00627","<30%",55,102,0,2,4,41.5
4085,"00627","<30%",55,102,0.000698812019566737,2,4,41.5
4087,"00627","<30%",55,102,0.0157232704402516,4,4,41.5
4103,"00627","<30%",55,102,0,3,4,41.5
4113,"00627","<30%",55,102,0.00419287211740042,2,4,41.5
4114,"00627","<30%",55,102,0.00908455625436757,4,4,41.5
4116,"00627","<30%",55,102,0.00681341719077568,5,4,41.5
4117,"00627","<30%",55,102,0.0125786163522013,3,4,41.5
4118,"00627","<30%",55,102,0.0139762403913347,3,4,41.5
4156,"00630","≥80%",81,360,0.0153460727036676,6,3,54.3333333333333
4189,"00630","<30%",81,360,0.108069620253165,21,3,54.3333333333333
4197,"00630","<30%",81,360,0.0597626582278481,24,3,54.3333333333333
4220,"00640","<30%",61,225,0.0019774011299435,6,2,31
4222,"00640","<30%",61,225,0,2,2,31
4238,"00640","<30%",61,225,0.0158795582948125,6,2,31
4254,"00640","<30%",61,225,0.00225988700564972,3,2,31
4255,"00640","<30%",61,225,0.00338983050847458,3,2,31
4256,"00640","<30%",61,225,0.00423728813559322,2,2,31
4259,"00640","<30%",61,225,0.0241960017383746,18,2,31
4261,"00640","<30%",61,225,0.00875706214689265,4,2,31
4263,"00640","<30%",61,225,0.00169491525423729,4,2,31
4270,"00640","<30%",61,225,0.0215001163306248,18,2,31
4276,"00642","<30%",7,8,0,3,2,4
4280,"00642","<30%",7,8,0.116666666666667,4,2,4
4290,"00643","<30%",21,27,0.0131578947368421,2,4,16
4291,"00643","<30%",21,27,0.00526315789473684,2,4,16
4292,"00643","<30%",21,27,0.0210526315789474,4,4,16
4294,"00643","<30%",21,27,0.00526315789473684,4,4,16
4301,"00643","<30%",21,27,0,2,4,16
4303,"00643","<30%",21,27,0,4,4,16
4306,"00650","<30%",54,163,0.000725689404934688,2,3,36.3333333333333
4334,"00650","<30%",54,163,0.0624092888243832,5,3,36.3333333333333
4335,"00650","<30%",54,163,0.0518867924528302,2,3,36.3333333333333
4336,"00650","<30%",54,163,0.0509192065795839,3,3,36.3333333333333
4338,"00650","<30%",54,163,0,4,3,36.3333333333333
4350,"00650","≥80%",54,163,0.0235849056603774,5,3,36.3333333333333
4365,"00660","<30%",22,32,0.019047619047619,2,4,16.75
4366,"00660","<30%",22,32,0.0333333333333333,4,4,16.75
4372,"00660","<30%",22,32,0.0142857142857143,4,4,16.75
4374,"00660","≥80%",22,32,0.0285714285714286,5,4,16.75
4376,"00660","<30%",22,32,0.00238095238095238,2,4,16.75
4380,"00660","<30%",22,32,0,4,4,16.75
4428,"00680","<30%",83,180,0.0210779885576634,4,6,69.3333333333333
4453,"00680","≥80%",83,180,0.0447154471544715,6,6,69.3333333333333
4481,"00680","<30%",83,180,0.0013550135501355,3,7,71.2857142857143
4483,"00680","<30%",83,180,0.00120445648900933,2,6,69.3333333333333
4484,"00680","<30%",83,180,0.000752785305630834,2,6,69.3333333333333
4487,"00680","<30%",83,180,0.000301114122252334,2,6,69.3333333333333
4488,"00680","<30%",83,180,0.000301114122252334,2,6,69.3333333333333
4496,"00680","<30%",83,180,0.000150557061126167,2,6,69.3333333333333
4498,"00680","<30%",83,180,0.000301114122252334,2,6,69.3333333333333
4499,"00680","<30%",83,180,0.000301114122252334,2,6,69.3333333333333
4500,"00680","<30%",83,180,0,2,6,69.3333333333333
4507,"00680","<30%",83,180,0.000602228244504667,2,6,69.3333333333333
4542,"00710","<30%",33,75,0.00705645161290323,4,4,25
4545,"00720","≥80%",54,124,0.0766172506738545,10,2,27.5
4555,"00720","<30%",54,124,0.0319303338171263,3,3,36.3333333333333
4591,"00720","<30%",54,124,0.189042089985486,11,2,27.5
4620,"00730","<30%",28,71,0.00712250712250712,2,2,14.5
4638,"00740","≥80%",30,107,0.0197044334975369,4,2,15.5
4639,"00740","≥80%",30,107,0.0564449917898194,12,2,15.5
4678,"00750","<30%",37,114,0.00238095238095238,2,3,25
4680,"00750","<30%",37,114,0,2,3,25
4687,"00750","<30%",37,114,0,7,3,25
4688,"00750","<30%",37,114,0,2,3,25
4689,"00750","<30%",37,114,0.000793650793650794,2,3,25
4693,"00750","<30%",37,114,0.00952380952380952,4,3,25
4694,"00750","<30%",37,114,0.00555555555555556,2,3,25
4696,"00750","<30%",37,114,0,3,3,25
4699,"00760","<30%",66,239,0.000480769230769231,2,5,53
4700,"00760","<30%",66,239,0.000480769230769231,2,5,53
4703,"00760","<30%",66,239,0.00985576923076923,2,5,53
4704,"00760","<30%",66,239,0.0192908653846154,5,5,53
4707,"00760","<30%",66,239,0.000721153846153846,4,6,55.1666666666667
4716,"00760","<30%",66,239,0,2,5,53
4717,"00760","<30%",66,239,0.0192307692307692,3,5,53
4718,"00760","<30%",66,239,0.0317908653846154,6,5,53
4741,"00760","<30%",66,239,0.0480101495726496,12,6,55.1666666666667
4749,"00760","<30%",66,239,0.0177884615384615,6,5,53
4750,"00760","<30%",66,239,0.00216346153846154,2,5,53
4758,"00760","<30%",66,239,0,6,5,53
722,"00073","≥80%",13,14,0,2,5,10.6
730,"00073","<30%",13,14,0,3,5,10.6
4776,"00770","<30%",33,71,0,4,2,17
4777,"00770","<30%",33,71,0.00201612903225806,3,3,22.3333333333333
4814,"00780","<30%",31,60,0.214942528735632,3,2,16
4817,"00780","≥80%",31,60,0.0862068965517241,3,2,16
4821,"00780","≥80%",31,60,0.183908045977011,3,2,16
4836,"00785","<30%",10,14,0,2,3,7
4858,"00790","<30%",60,130,0,4,3,40.3333333333333
4868,"00790","<30%",60,130,0,2,3,40.3333333333333
4907,"00791","<30%",15,17,0.032967032967033,3,3,10.3333333333333
4908,"00791","<30%",15,17,0.032967032967033,3,3,10.3333333333333
4909,"00791","<30%",15,17,0.0164835164835165,3,3,10.3333333333333
4910,"00791","<30%",15,17,0,2,3,10.3333333333333
4913,"00791","<30%",15,17,0.032967032967033,3,4,11.5
4914,"00791","<30%",15,17,0,2,3,10.3333333333333
4961,"00860","<30%",130,277,0,3,4,97.75
4965,"00860","<30%",130,277,0.00104469476744186,7,4,97.75
4979,"00860","<30%",130,277,0,3,4,97.75
4980,"00860","<30%",130,277,0.00133236434108527,4,4,97.75
4982,"00860","≥80%",130,277,0.00109011627906977,5,4,97.75
4983,"00860","≥80%",130,277,0.000968992248062015,3,4,97.75
4986,"00860","≥80%",130,277,0.00090843023255814,2,4,97.75
4987,"00860","≥80%",130,277,0.000726744186046512,4,4,97.75
5013,"00860","<30%",130,277,0,3,4,97.75
5022,"00860","<30%",130,277,0.000484496124031008,2,4,97.75
5026,"00860","<30%",130,277,0.000242248062015504,4,5,104.2
5033,"00860","<30%",130,277,0,2,4,97.75
5044,"00860","<30%",130,277,0.00218023255813953,3,4,97.75
5049,"00860","<30%",130,277,0.00115067829457364,2,4,97.75
5050,"00860","<30%",130,277,0,6,4,97.75
5054,"00860","<30%",130,277,0.00371850775193798,11,4,97.75
5069,"00860","<30%",130,277,0.000363372093023256,4,4,97.75
5070,"00860","<30%",130,277,0.000363372093023256,2,4,97.75
5071,"00860","<30%",130,277,0.000242248062015504,2,4,97.75
5089,"00900","<30%",52,160,0.0129411764705882,3,2,26.5
5100,"00900","<30%",52,160,0.0263772175536881,14,2,26.5
5117,"00900","<30%",52,160,0.0174509803921569,11,2,26.5
5124,"00900","<30%",52,160,0.00627450980392157,2,2,26.5
5136,"00901","<30%",34,30,0,4,9,30.3333333333333
5138,"00901","<30%",34,30,0.00284090909090909,4,9,30.3333333333333
5140,"00901","<30%",34,30,0.000946969696969697,2,9,30.3333333333333
5141,"00901","<30%",34,30,0,2,9,30.3333333333333
5147,"00901","<30%",34,30,0.00852272727272727,4,9,30.3333333333333
5149,"00901","<30%",34,30,0.00473484848484848,3,9,30.3333333333333
5161,"00901","<30%",34,30,0.00189393939393939,2,9,30.3333333333333
5162,"00901","<30%",34,30,0.00568181818181818,2,9,30.3333333333333
5163,"00901","<30%",34,30,0.00378787878787879,2,9,30.3333333333333
5165,"00901","<30%",34,30,0,2,9,30.3333333333333
5166,"00901","<30%",34,30,0.00378787878787879,2,9,30.3333333333333
5167,"00901","<30%",34,30,0.00568181818181818,2,9,30.3333333333333
5168,"00901","<30%",34,30,0.00189393939393939,2,9,30.3333333333333
5174,"00902","<30%",57,194,0.0262987012987013,4,4,43
5176,"00902","<30%",57,194,0.0012987012987013,3,4,43
5178,"00902","<30%",57,194,0.0025974025974026,3,4,43
5185,"00902","<30%",57,194,0.0188672438672439,17,4,43
5186,"00902","<30%",57,194,0.0471139971139971,19,4,43
5187,"00902","<30%",57,194,0.0169191919191919,17,4,43
5190,"00902","<30%",57,194,0,2,4,43
5191,"00902","<30%",57,194,0.00974025974025974,2,4,43
5193,"00902","<30%",57,194,0.0100649350649351,4,4,43
5194,"00902","<30%",57,194,0.00974025974025974,4,4,43
5201,"00902","<30%",57,194,0.00941558441558442,2,4,43
5203,"00902","<30%",57,194,0,5,4,43
5213,"00902","≥80%",57,194,0.0181818181818182,2,4,43
5214,"00902","<30%",57,194,0.0181818181818182,2,4,43
5216,"00902","<30%",57,194,0.00876623376623377,3,4,43
5220,"00902","<30%",57,194,0.00876623376623377,2,4,43
5223,"00902","<30%",57,194,0.00941558441558442,2,4,43
5224,"00902","<30%",57,194,0.00162337662337662,2,4,43
738,"00100","<30%",55,70,0,6,4,41.5
742,"00100","<30%",55,70,0.000349406009783368,2,4,41.5
751,"00100","<30%",55,70,0.00838574423480084,3,4,41.5
752,"00100","<30%",55,70,0.017120894479385,2,4,41.5
754,"00100","<30%",55,70,0,3,4,41.5
756,"00100","<30%",55,70,0.0115303983228512,2,4,41.5
758,"00100","<30%",55,70,0.00314465408805031,5,4,41.5
760,"00100","<30%",55,70,0.0139762403913347,3,4,41.5
761,"00100","<30%",55,70,0,2,4,41.5
765,"00100","<30%",55,70,0,3,4,41.5
767,"00100","<30%",55,70,0.00244584206848358,2,4,41.5
772,"00100","<30%",55,70,0.0010482180293501,4,4,41.5
773,"00100","<30%",55,70,0.0125786163522013,3,4,41.5
774,"00100","<30%",55,70,0.0139762403913347,2,4,41.5
775,"00100","<30%",55,70,0.00139762403913347,2,4,41.5
785,"00100","<30%",55,70,0.0157232704402516,2,4,41.5
786,"00100","<30%",55,70,0.00908455625436757,2,4,41.5
787,"00100","<30%",55,70,0.00209643605870021,2,4,41.5
788,"00100","<30%",55,70,0.0167714884696017,2,4,41.5
789,"00100","<30%",55,70,0.00489168413696716,2,4,41.5
790,"00100","<30%",55,70,0.00209643605870021,2,4,41.5
791,"00100","<30%",55,70,0.00419287211740042,2,4,41.5
792,"00100","<30%",55,70,0.00524109014675052,2,4,41.5
793,"00100","<30%",55,70,0.00559049615653389,4,4,41.5
5229,"00903","<30%",33,33,0.00201612903225806,2,5,26.6
5230,"00903","<30%",33,33,0,2,5,26.6
5231,"00903","<30%",33,33,0.00201612903225806,2,5,26.6
5232,"00903","<30%",33,33,0,3,5,26.6
5233,"00903","<30%",33,33,0.00201612903225806,3,5,26.6
5235,"00903","<30%",33,33,0.00201612903225806,2,5,26.6
5236,"00903","<30%",33,33,0.00100806451612903,2,5,26.6
5238,"00903","<30%",33,33,0.00100806451612903,2,5,26.6
5239,"00903","<30%",33,33,0,4,6,27.6666666666667
5240,"00903","<30%",33,33,0,2,5,26.6
5241,"00903","<30%",33,33,0,4,5,26.6
5249,"00903","<30%",33,33,0.00201612903225806,2,5,26.6
5250,"00903","<30%",33,33,0,3,5,26.6
5251,"00903","<30%",33,33,0.00201612903225806,2,5,26.6
5256,"00903","<30%",33,33,0.00201612903225806,3,6,27.6666666666667
5257,"00903","<30%",33,33,0.0030241935483871,4,5,26.6
5258,"00903","<30%",33,33,0.00201612903225806,3,5,26.6
5259,"00903","<30%",33,33,0.00201612903225806,3,6,27.6666666666667
5270,"00904","<30%",80,203,0.00292112950340798,6,7,68.7142857142857
5271,"00904","<30%",80,203,0.00576111652061019,10,7,68.7142857142857
5275,"00904","≥80%",80,203,0.014930217461863,16,7,68.7142857142857
5276,"00904","<30%",80,203,0.0230444660824408,20,7,68.7142857142857
5278,"00904","<30%",80,203,0.00973709834469328,12,7,68.7142857142857
5279,"00904","<30%",80,203,0.0136319376825706,16,7,68.7142857142857
5280,"00904","<30%",80,203,0.0068159688412853,3,7,68.7142857142857
5281,"00904","≥80%",80,203,0.00925024342745862,6,7,68.7142857142857
5282,"00904","<30%",80,203,0.00373255436546576,3,7,68.7142857142857
5285,"00904","<30%",80,203,0,2,7,68.7142857142857
5304,"00904","≥80%",80,203,0.000162284972411555,3,7,68.7142857142857
5312,"00904","<30%",80,203,0.00340798442064265,2,7,68.7142857142857
5313,"00904","<30%",80,203,0.00454397922752353,13,7,68.7142857142857
5314,"00904","<30%",80,203,0.00146056475170399,7,7,68.7142857142857
5315,"00904","<30%",80,203,0.00259655955858487,3,8,70.125
5316,"00904","<30%",80,203,0.000811424862057773,6,7,68.7142857142857
5317,"00904","<30%",80,203,0.00551768906199286,7,7,68.7142857142857
5319,"00904","<30%",80,203,0.00259655955858487,12,7,68.7142857142857
5321,"00904","<30%",80,203,0.000973709834469328,6,7,68.7142857142857
5322,"00904","<30%",80,203,0.000649139889646219,2,7,68.7142857142857
5331,"00904","<30%",80,203,0.0162284972411555,10,7,68.7142857142857
5333,"00904","<30%",80,203,0.0160662122687439,5,7,68.7142857142857
5349,"00904","<30%",80,203,0.00227198961376177,3,7,68.7142857142857
5354,"00904","<30%",80,203,0.00292112950340798,12,7,68.7142857142857
5369,"00906","<30%",107,255,0,2,5,85.8
5373,"00906","<30%",107,255,8.98472596585804e-05,2,5,85.8
5376,"00906","<30%",107,255,0.00355445742238195,8,5,85.8
5377,"00906","<30%",107,255,0.00356993111710093,7,5,85.8
5386,"00906","<30%",107,255,0.000359389038634322,3,5,85.8
5387,"00906","<30%",107,255,0.000179694519317161,2,5,85.8
5389,"00906","<30%",107,255,0,3,5,85.8
5390,"00906","<30%",107,255,0,2,5,85.8
5391,"00906","<30%",107,255,0.000179694519317161,2,5,85.8
5392,"00906","<30%",107,255,0.000539083557951483,3,5,85.8
5393,"00906","<30%",107,255,0.00242587601078167,3,5,85.8
5394,"00906","<30%",107,255,0,2,5,85.8
5395,"00906","<30%",107,255,0,2,5,85.8
5396,"00906","<30%",107,255,0.00792804333473431,12,5,85.8
5401,"00906","<30%",107,255,0.0036837376460018,12,5,85.8
5403,"00906","<30%",107,255,0.000584007187780773,4,5,85.8
5404,"00906","<30%",107,255,0.000539083557951483,3,5,85.8
5432,"00906","<30%",107,255,0.00260557053009883,4,6,89.3333333333333
5433,"00906","<30%",107,255,0.00559201458361122,11,5,85.8
5444,"00906","<30%",107,255,8.98472596585804e-05,2,5,85.8
5447,"00906","<30%",107,255,0.0123959269242288,11,5,85.8
5451,"00906","<30%",107,255,0,2,5,85.8
5457,"00906","<30%",107,255,0.0104813917181128,10,5,85.8
5458,"00906","<30%",107,255,0.00350404312668464,2,5,85.8
5459,"00906","<30%",107,255,0.00682839173405211,2,5,85.8
5473,"00906","<30%",107,255,0,7,5,85.8
5474,"00906","<30%",107,255,8.98472596585804e-05,2,5,85.8
5487,"00909","<30%",81,1100,0.0173110568665547,43,3,54.3333333333333
5496,"00909","<30%",81,1100,0.0107841581323775,42,3,54.3333333333333
5497,"00909","<30%",81,1100,0.0101789629015608,42,3,54.3333333333333
5499,"00909","<30%",81,1100,0.0229177834386482,42,3,54.3333333333333
5504,"00909","<30%",81,1100,0.0101178414737014,42,3,54.3333333333333
5508,"00909","<30%",81,1100,0.00748181509399401,42,3,54.3333333333333
5517,"00909","<30%",81,1100,0.0132911392405063,2,3,54.3333333333333
5519,"00909","<30%",81,1100,0.00680379746835443,2,3,54.3333333333333
5523,"00909","<30%",81,1100,0.0108911221293805,42,3,54.3333333333333
5527,"00909","<30%",81,1100,0.0104402053755633,42,3,54.3333333333333
5542,"00909","<30%",81,1100,0.000791139240506329,21,3,54.3333333333333
5550,"00909","<30%",81,1100,0.00332278481012658,25,3,54.3333333333333
5563,"00909","<30%",81,1100,0.0174777794846047,42,3,54.3333333333333
5590,"00910","<30%",49,235,0.0115248226950355,2,6,41
5592,"00910","<30%",49,235,0.0221631205673759,2,6,41
5593,"00910","<30%",49,235,0.0345559988179669,18,6,41
5605,"00910","<30%",49,235,0,2,6,41
5608,"00910","<30%",49,235,0.000886524822695035,3,7,42.1428571428571
5620,"00910","<30%",49,235,0,3,7,42.1428571428571
5648,"00920","<30%",60,312,0.00233781414377557,5,4,45.25
5662,"00920","<30%",60,312,0.00146113383985973,2,4,45.25
5678,"00920","<30%",60,312,0.000292226767971946,2,4,45.25
5695,"00930","<30%",24,32,0.00296442687747036,4,4,18.25
5704,"00930","<30%",24,32,0,2,4,18.25
5705,"00930","<30%",24,32,0.00691699604743083,5,4,18.25
5708,"00930","<30%",24,32,0,5,4,18.25
5710,"00930","<30%",24,32,0.00395256916996047,3,4,18.25
5713,"00930","<30%",24,32,0.00395256916996047,2,4,18.25
5715,"00930","<30%",24,32,0,3,5,19.4
5721,"00940","<30%",73,154,0.00156494522691706,5,5,58.6
5726,"00940","≥80%",73,154,0.0117370892018779,6,5,58.6
5753,"00940","≥80%",73,154,0.0101721439749609,5,5,58.6
5782,"00940","<30%",73,154,0.000391236306729264,3,6,61
5784,"00940","<30%",73,154,0,2,5,58.6
5785,"00940","<30%",73,154,0.000195618153364632,2,5,58.6
5786,"00940","<30%",73,154,0,2,5,58.6
794,"00120","≥80%",46,66,0,4,7,39.5714285714286
797,"00120","≥80%",46,66,0.00101010101010101,2,7,39.5714285714286
801,"00120","≥80%",46,66,0.00202020202020202,2,7,39.5714285714286
804,"00120","≥80%",46,66,0.00101010101010101,4,7,39.5714285714286
805,"00120","≥80%",46,66,0.00909090909090909,4,7,39.5714285714286
814,"00120","≥80%",46,66,0.00454545454545455,5,7,39.5714285714286
817,"00120","≥80%",46,66,0.0121212121212121,3,7,39.5714285714286
826,"00120","≥80%",46,66,0,2,7,39.5714285714286
831,"00120","≥80%",46,66,0.00202020202020202,2,7,39.5714285714286
5794,"00941","≥80%",83,199,0,4,4,62.5
5797,"00941","<30%",83,199,0.000301114122252334,3,4,62.5
5798,"00941","≥80%",83,199,0.0004516711833785,3,4,62.5
5800,"00941","≥80%",83,199,0.000301114122252334,5,4,62.5
5801,"00941","≥80%",83,199,0,2,4,62.5
5804,"00941","<30%",83,199,0.0355364849944796,10,4,62.5
5811,"00941","≥80%",83,199,0.00511894007828967,3,4,62.5
5818,"00941","≥80%",83,199,0.0373230954531768,11,4,62.5
5834,"00941","≥80%",83,199,0.00481782595603734,3,4,62.5
5844,"00941","≥80%",83,199,0.0004516711833785,3,4,62.5
5846,"00941","≥80%",83,199,0.0004516711833785,5,4,62.5
5848,"00941","≥80%",83,199,0.001806684733514,4,4,62.5
5859,"00941","≥80%",83,199,0.00331225534477567,6,4,62.5
5860,"00941","≥80%",83,199,0,6,4,62.5
5864,"00941","<30%",83,199,0.002710027100271,6,4,62.5
5865,"00941","≥80%",83,199,0.00105389942788317,2,4,62.5
5867,"00941","≥80%",83,199,0.031616982836495,7,4,62.5
5874,"00941","<30%",83,199,0.00120445648900933,3,4,62.5
5875,"00941","<30%",83,199,0.00150557061126167,3,5,66.6
5881,"00942","<30%",43,114,0.00522648083623693,2,4,32.5
5884,"00942","<30%",43,114,0.018815331010453,8,4,32.5
5885,"00942","<30%",43,114,0.00929152148664344,3,4,32.5
5887,"00942","<30%",43,114,0.00232288037166086,9,4,32.5
5897,"00942","<30%",43,114,0.00174216027874564,2,4,32.5
5899,"00942","<30%",43,114,0.00813008130081301,9,5,34.6
5905,"00942","<30%",43,114,0.00580720092915215,4,4,32.5
5921,"00943","≥80%",50,67,0.000850340136054422,5,7,43
5922,"00943","<30%",50,67,0,4,8,43.875
5928,"00943","<30%",50,67,0.00467687074829932,3,8,43.875
5929,"00943","<30%",50,67,0.0076530612244898,4,7,43
5931,"00943","<30%",50,67,0.0127551020408163,7,7,43
5932,"00943","<30%",50,67,0.00340136054421769,5,7,43
5934,"00943","<30%",50,67,0.00297619047619048,5,7,43
5938,"00943","<30%",50,67,0.0153061224489796,5,7,43
5941,"00943","<30%",50,67,0.00212585034013605,5,7,43
5945,"00943","<30%",50,67,0.00212585034013605,5,7,43
5950,"00943","<30%",50,67,0.0153061224489796,2,7,43
5951,"00943","≥80%",50,67,0.00935374149659864,3,8,43.875
5954,"00943","<30%",50,67,0.00510204081632653,2,7,43
5959,"00943","<30%",50,67,0.000850340136054422,3,8,43.875
5960,"00943","<30%",50,67,0.000425170068027211,2,7,43
5961,"00943","<30%",50,67,0,2,7,43
5963,"00943","<30%",50,67,0.0127551020408163,2,7,43
5964,"00943","≥80%",50,67,0.0170068027210884,5,7,43
5966,"00943","<30%",50,67,0.00935374149659864,2,7,43
5968,"00943","<30%",50,67,0.0127551020408163,2,7,43
5974,"00944","<30%",40,69,0.00168690958164642,5,3,27
5975,"00944","<30%",40,69,0.000674763832658569,3,3,27
5978,"00944","<30%",40,69,0.00269905533063428,5,3,27
5979,"00944","<30%",40,69,0,5,3,27
5980,"00944","<30%",40,69,0.00134952766531714,3,4,30.25
5986,"00944","<30%",40,69,0.00472334682860999,6,3,27
5987,"00944","<30%",40,69,0.00269905533063428,6,3,27
5988,"00944","<30%",40,69,0.0300269905533063,9,3,27
5992,"00944","<30%",40,69,0.00337381916329285,3,3,27
5995,"00944","<30%",40,69,0.00404858299595142,3,3,27
5996,"00944","<30%",40,69,0,2,3,27
5999,"00944","<30%",40,69,0.000674763832658569,2,3,27
6002,"00944","<30%",40,69,0.0121457489878543,7,3,27
6023,"00945","<30%",19,36,0.037037037037037,6,2,10
6024,"00945","≥80%",19,36,0.0239651416122004,6,2,10
6037,"00950","<30%",89,199,0,2,6,74.3333333333333
6039,"00950","<30%",89,199,0.0202455590386625,4,6,74.3333333333333
6040,"00950","<30%",89,199,0.00888192267502612,4,6,74.3333333333333
6041,"00950","<30%",89,199,0.0156739811912226,3,6,74.3333333333333
6042,"00950","<30%",89,199,0.0121473354231975,2,6,74.3333333333333
6043,"00950","<30%",89,199,0.00835945663531871,2,6,74.3333333333333
6044,"00950","<30%",89,199,0.00431034482758621,2,6,74.3333333333333
6046,"00950","<30%",89,199,0.00457157784743992,2,6,74.3333333333333
6052,"00950","<30%",89,199,0.056687565308255,5,6,74.3333333333333
6060,"00950","<30%",89,199,0.0222048066875653,4,6,74.3333333333333
6062,"00950","<30%",89,199,0,3,7,76.4285714285714
6063,"00950","<30%",89,199,0.0757575757575758,7,6,74.3333333333333
6070,"00950","<30%",89,199,0.00417972831765935,6,6,74.3333333333333
6078,"00950","<30%",89,199,0.000522466039707419,3,6,74.3333333333333
6079,"00950","<30%",89,199,0.000522466039707419,3,6,74.3333333333333
6080,"00950","<30%",89,199,0.000391849529780564,2,6,74.3333333333333
6084,"00950","<30%",89,199,0.0235109717868339,6,6,74.3333333333333
6092,"00950","<30%",89,199,0,2,6,74.3333333333333
6106,"00950","<30%",89,199,0.00104493207941484,3,6,74.3333333333333
6107,"00950","<30%",89,199,0.00117554858934169,3,6,74.3333333333333
6108,"00950","<30%",89,199,0.00026123301985371,3,6,74.3333333333333
6109,"00950","<30%",89,199,0.0141065830721003,3,6,74.3333333333333
6110,"00950","<30%",89,199,0.00966562173458725,2,6,74.3333333333333
6111,"00950","<30%",89,199,0.00496342737722048,2,6,74.3333333333333
6115,"00950","<30%",89,199,0,2,6,74.3333333333333
6125,"00950","<30%",89,199,0,2,6,74.3333333333333
6126,"00950","<30%",89,199,0,3,6,74.3333333333333
6127,"00960","≥80%",22,24,0.00238095238095238,3,6,18.5
6129,"00960","<30%",22,24,0,2,6,18.5
6131,"00960","<30%",22,24,0.00476190476190476,3,6,18.5
6135,"00960","<30%",22,24,0,2,6,18.5
6157,"00965","≥80%",4,3,0.333333333333333,3,3,3
6181,"00970","≥80%",20,19,0.0087719298245614,2,6,16.8333333333333
6182,"00970","<30%",20,19,0.0116959064327485,3,7,17.2857142857143
6183,"00970","≥80%",20,19,0.0087719298245614,2,6,16.8333333333333
6184,"00970","<30%",20,19,0.0116959064327485,3,7,17.2857142857143
6185,"00970","<30%",20,19,0.00584795321637427,2,6,16.8333333333333
6186,"00970","<30%",20,19,0.00584795321637427,2,6,16.8333333333333
6198,"00980","≥80%",52,81,0,2,12,47.75
6199,"00980","≥80%",52,81,0,2,12,47.75
6211,"00980","<30%",52,81,0,4,12,47.75
6263,"00981","≥80%",9,10,0.0892857142857143,3,3,6.33333333333333
6277,"00982","<30%",18,16,0.00735294117647059,3,7,15.5714285714286
6286,"00982","≥80%",18,16,0.0183823529411765,3,6,15.1666666666667
6315,"00983","≥80%",37,54,0.00634920634920635,3,5,29.8
6327,"00983","≥80%",37,54,0.00714285714285714,3,5,29.8
6330,"00983","≥80%",37,54,0.0103174603174603,2,5,29.8
6366,"00998","<30%",39,29,0.000711237553342817,2,12,35.8333333333333
6370,"00998","<30%",39,29,0.00284495021337127,3,13,36.0769230769231
6371,"00998","<30%",39,29,0.00213371266002845,2,12,35.8333333333333
6389,"00998","<30%",39,29,0.00568990042674253,3,12,35.8333333333333
6390,"00998","<30%",39,29,0.00568990042674253,3,12,35.8333333333333
6391,"00998","<30%",39,29,0.00355618776671408,2,12,35.8333333333333
6392,"00998","<30%",39,29,0.00355618776671408,2,12,35.8333333333333
6396,"00998","<30%",39,29,0.0042674253200569,2,12,35.8333333333333
6397,"00998","<30%",39,29,0.00711237553342817,2,12,35.8333333333333
6398,"00998","<30%",39,29,0.0085348506401138,2,12,35.8333333333333
6399,"00998","<30%",39,29,0.0085348506401138,2,12,35.8333333333333
6400,"00998","<30%",39,29,0.00711237553342817,2,12,35.8333333333333
6401,"00998","<30%",39,29,0.0042674253200569,2,12,35.8333333333333
6414,"00999","<30%",36,28,0.00252100840336134,2,10,32.5
6415,"00999","<30%",36,28,0.00336134453781513,3,10,32.5
6418,"00999","<30%",36,28,0.00168067226890756,2,10,32.5
6419,"00999","<30%",36,28,0.00168067226890756,2,10,32.5
6422,"00999","<30%",36,28,0.000840336134453782,2,10,32.5
6423,"00999","<30%",36,28,0,2,10,32.5
6424,"00999","<30%",36,28,0,2,10,32.5
6427,"00999","<30%",36,28,0.000840336134453782,2,10,32.5
6430,"00999","<30%",36,28,0.00168067226890756,2,10,32.5
6431,"00999","<30%",36,28,0.00168067226890756,2,10,32.5
6437,"00999","<30%",36,28,0.00672268907563025,2,10,32.5
6440,"00999","<30%",36,28,0.00756302521008403,2,10,32.5
6441,"00999","<30%",36,28,0.00420168067226891,2,10,32.5
6449,"00999","<30%",36,28,0.000840336134453782,2,10,32.5
872,"00130","<30%",58,82,0.00845864661654135,2,6,48.5
878,"00130","<30%",58,82,0.0018796992481203,2,6,48.5
883,"00130","<30%",58,82,0,7,6,48.5
885,"00130","<30%",58,82,0.0109649122807018,2,6,48.5
889,"00130","<30%",58,82,0.0031328320802005,3,6,48.5
894,"00130","≥80%",58,82,0.00845864661654135,5,6,48.5
895,"00130","<30%",58,82,0.0012531328320802,3,6,48.5
899,"00130","<30%",58,82,0.0018796992481203,2,6,48.5
901,"00130","<30%",58,82,0.00469924812030075,5,6,48.5
907,"00130","<30%",58,82,0,4,6,48.5
920,"00130","<30%",58,82,0.0031328320802005,3,6,48.5
921,"00130","<30%",58,82,0.0037593984962406,3,6,48.5
924,"00130","<30%",58,82,0.0006265664160401,3,6,48.5
926,"00130","<30%",58,82,0.00031328320802005,2,6,48.5
928,"00130","<30%",58,82,0.0012531328320802,5,6,48.5
929,"00130","<30%",58,82,0,3,6,48.5
930,"00130","<30%",58,82,0.00031328320802005,2,6,48.5
931,"00130","<30%",58,82,0,3,6,48.5
6483,"01055","<30%",8,6,0.0238095238095238,2,4,6.25
6499,"01057","<30%",33,28,0.00806451612903226,3,9,29.4444444444444
6500,"01057","<30%",33,28,0.00504032258064516,2,9,29.4444444444444
6503,"01057","<30%",33,28,0.00201612903225806,3,10,29.8
6512,"01057","<30%",33,28,0.00100806451612903,2,9,29.4444444444444
6514,"01057","<30%",33,28,0.00100806451612903,2,9,29.4444444444444
6516,"01057","<30%",33,28,0,2,9,29.4444444444444
6520,"01057","<30%",33,28,0.00201612903225806,3,9,29.4444444444444
6521,"01057","<30%",33,28,0.00806451612903226,4,9,29.4444444444444
6528,"01057","<30%",33,28,0.0030241935483871,2,9,29.4444444444444
6529,"01057","<30%",33,28,0.00403225806451613,2,9,29.4444444444444
6530,"01057","<30%",33,28,0.0030241935483871,2,9,29.4444444444444
6532,"01057","<30%",33,28,0,3,9,29.4444444444444
6534,"01057","<30%",33,28,0.0030241935483871,3,9,29.4444444444444
6538,"01058","<30%",3,2,0.5,2,2,2
6544,"01059","<30%",6,4,0.1,2,3,4.33333333333333
937,"00140","≥80%",121,387,0.00574229691876751,3,4,91
939,"00140","≥80%",121,387,0.0136554621848739,6,4,91
941,"00140","≥80%",121,387,0.0112044817927171,3,5,97
960,"00140","≥80%",121,387,0.000420168067226891,9,5,97
970,"00140","≥80%",121,387,0.000560224089635854,5,4,91
972,"00140","<30%",121,387,0.00189075630252101,5,4,91
973,"00140","≥80%",121,387,0.0007703081232493,3,4,91
987,"00140","≥80%",121,387,0.00728291316526611,11,4,91
988,"00140","<30%",121,387,0.00182072829131653,3,4,91
990,"00140","<30%",121,387,0.00189075630252101,3,4,91
992,"00140","<30%",121,387,0.00196078431372549,3,4,91
999,"00140","≥80%",121,387,0.00420168067226891,6,4,91
1000,"00140","<30%",121,387,0.00217086834733894,2,4,91
1003,"00140","≥80%",121,387,0,2,4,91
1004,"00140","<30%",121,387,7.00280112044818e-05,2,4,91
1012,"00140","≥80%",121,387,0,11,4,91
1015,"00140","≥80%",121,387,0.000210084033613445,12,4,91
1018,"00140","≥80%",121,387,0.000280112044817927,11,4,91
1019,"00140","<30%",121,387,0.000210084033613445,2,4,91
1028,"00140","≥80%",121,387,7.00280112044818e-05,9,4,91
1035,"00140","≥80%",121,387,0.00112044817927171,3,4,91
1040,"00140","≥80%",121,387,0.00168067226890756,3,4,91
1041,"00140","≥80%",121,387,0.0023109243697479,7,4,91
1065,"00190","≥80%",5,4,0.25,4,4,4
69,"00020","≥80%",32,88,0.0150537634408602,4,2,16.5
1108,"00230","<30%",166,772,0.000591278640059128,5,5,133
1112,"00230","≥80%",166,772,0.031559497413156,3,4,124.75
1113,"00230","≥80%",166,772,0.0357723577235772,2,4,124.75
1114,"00230","≥80%",166,772,0.0439763488543976,3,4,124.75
1116,"00230","≥80%",166,772,0.0547671840354767,4,4,124.75
1117,"00230","≥80%",166,772,0.0509977827050998,3,4,124.75
1119,"00230","≥80%",166,772,0.0730190929784085,16,4,124.75
1172,"00230","<30%",166,772,0.000258684405025868,4,4,124.75
1177,"00230","<30%",166,772,0.000221729490022173,6,4,124.75
1201,"00230","≥80%",166,772,0.0399113082039911,2,4,124.75
1208,"00230","<30%",166,772,0.0041019955654102,9,4,124.75
1209,"00230","<30%",166,772,0.00129342202512934,7,4,124.75
1252,"00230","<30%",166,772,0,3,4,124.75
1259,"00230","≥80%",166,772,0.00299334811529934,6,4,124.75
1263,"00230","<30%",166,772,0,6,4,124.75
1279,"00232","<30%",26,76,0.0216666666666667,7,2,13.5
1286,"00232","<30%",26,76,0.0116666666666667,7,2,13.5
1302,"00240","≥80%",108,442,0.000881678716275789,2,2,54.5
1303,"00240","≥80%",108,442,0.00158702168929642,4,2,54.5
1306,"00240","≥80%",108,442,0.00238053253394463,4,2,54.5
1322,"00240","<30%",108,442,0.00529007229765473,3,2,54.5
1335,"00240","<30%",108,442,0.00551930876388644,13,2,54.5
1336,"00240","<30%",108,442,0,2,2,54.5
1343,"00240","<30%",108,442,0.0104361370716511,9,2,54.5
1367,"00240","<30%",108,442,0.012343502027861,6,2,54.5
1370,"00240","<30%",108,442,0.0062599188855581,2,2,54.5
1371,"00240","<30%",108,442,0.00643625462881326,3,2,54.5
1375,"00240","<30%",108,442,0.00529007229765473,13,2,54.5
1377,"00240","≥80%",108,442,0.00211602891906189,11,2,54.5
1380,"00240","<30%",108,442,0.00529007229765473,6,2,54.5
1384,"00240","<30%",108,442,0.00529007229765473,6,2,54.5
1387,"00240","<30%",108,442,0.0352671486510316,13,2,54.5
1393,"00240","<30%",108,442,0.00529007229765473,2,2,54.5
1410,"00250","<30%",53,247,0.0316742081447964,19,6,44.3333333333333
1439,"00250","<30%",53,247,0,11,3,35.6666666666667
1460,"00253","<30%",12,12,0.0545454545454545,3,3,8.33333333333333
1462,"00253","<30%",12,12,0,2,3,8.33333333333333
1465,"00253","<30%",12,12,0.0545454545454545,3,3,8.33333333333333
1467,"00253","<30%",12,12,0.0818181818181818,4,3,8.33333333333333
1471,"00253","<30%",12,12,0.0272727272727273,2,3,8.33333333333333
1473,"00254","<30%",20,18,0.0204678362573099,2,5,16.2
1474,"00254","<30%",20,18,0.0350877192982456,2,5,16.2
1482,"00254","<30%",20,18,0,2,5,16.2
1489,"00254","<30%",20,18,0.00292397660818713,2,5,16.2
1490,"00254","<30%",20,18,0.00292397660818713,2,5,16.2
1513,"00260","<30%",74,322,0.00914510400811771,12,3,49.6666666666667
1525,"00260","≥80%",74,322,0.0268264840182648,5,3,49.6666666666667
1529,"00260","≥80%",74,322,0.000428082191780822,4,3,49.6666666666667
1535,"00260","≥80%",74,322,0.00937024353120243,4,3,49.6666666666667
1540,"00260","<30%",74,322,0,2,3,49.6666666666667
1570,"00261","<30%",9,5,0.0178571428571429,2,5,7.4
97,"00030","≥80%",60,163,0.0149035651665693,6,2,30.5
118,"00030","<30%",60,163,0.0760763685953633,12,8,52.625
136,"00030","<30%",60,163,0.0131502045587376,6,2,30.5
1582,"00270","<30%",95,394,0.0144131777625257,12,2,48
1589,"00270","<30%",95,394,0.000343170899107756,3,2,48
1599,"00270","<30%",95,394,0.199036397903934,21,2,48
1623,"00270","<30%",95,394,0.0342462768681025,16,2,48
1633,"00270","<30%",95,394,0.0561738078896625,16,2,48
1650,"00270","≥80%",95,394,0.000114390299702585,3,2,48
1651,"00270","≥80%",95,394,0,2,2,48
1686,"00280","<30%",56,114,0.0101010101010101,3,2,28.5
1698,"00280","<30%",56,114,0.00269360269360269,6,2,28.5
1711,"00280","<30%",56,114,0.0286195286195286,3,2,28.5
1716,"00280","<30%",56,114,0.00162738496071829,6,2,28.5
1718,"00280","<30%",56,114,0.00168350168350168,5,2,28.5
1723,"00280","<30%",56,114,0,7,2,28.5
1724,"00280","<30%",56,114,0.00129068462401796,7,2,28.5
1725,"00280","<30%",56,114,0.00168350168350168,7,2,28.5
1735,"00281","<30%",11,9,0.0333333333333333,3,4,8.5
1742,"00281","<30%",11,9,0,2,4,8.5
1745,"00290","<30%",24,25,0.00395256916996047,2,4,18.25
1747,"00290","≥80%",24,25,0.00395256916996047,3,4,18.25
1752,"00290","≥80%",24,25,0,2,4,18.25
1756,"00290","≥80%",24,25,0.0118577075098814,5,4,18.25
1759,"00290","≥80%",24,25,0.0197628458498024,5,4,18.25
1761,"00290","<30%",24,25,0.00197628458498024,2,4,18.25
1763,"00290","≥80%",24,25,0.00395256916996047,3,5,19.4
1764,"00290","≥80%",24,25,0.00988142292490119,2,4,18.25
1765,"00290","≥80%",24,25,0,4,5,19.4
1766,"00290","<30%",24,25,0,2,4,18.25
1771,"00290","≥80%",24,25,0.00592885375494071,3,5,19.4
1777,"00300","≥80%",31,49,0.0160919540229885,3,3,21
1779,"00300","≥80%",31,49,0.0413793103448276,3,3,21
1780,"00300","≥80%",31,49,0.0505747126436782,4,3,21
1787,"00300","≥80%",31,49,0.0758620689655172,6,3,21
1788,"00300","≥80%",31,49,0.0666666666666667,6,3,21
1789,"00300","<30%",31,49,0.0528735632183908,4,3,21
1790,"00300","<30%",31,49,0.0195402298850575,2,3,21
1795,"00300","<30%",31,49,0,3,3,21
1798,"00300","≥80%",31,49,0,4,3,21
1800,"00300","<30%",31,49,0.00114942528735632,2,3,21
1806,"00310","<30%",63,146,0.00634584875727129,5,5,50.6
1837,"00310","<30%",63,146,0,2,5,50.6
1847,"00310","<30%",63,146,0,4,5,50.6
1852,"00310","<30%",63,146,0,2,5,50.6
1853,"00310","<30%",63,146,0.000793231094658911,2,5,50.6
1858,"00310","<30%",63,146,0.00528820729772607,4,5,50.6
1868,"00310","<30%",63,146,0.00105764145954521,12,5,50.6
1876,"00311","<30%",13,18,0.151515151515152,4,2,7
1877,"00311","<30%",13,18,0.136363636363636,2,2,7
1878,"00311","<30%",13,18,0.0454545454545455,4,2,7
1879,"00311","<30%",13,18,0.106060606060606,3,2,7
1880,"00311","<30%",13,18,0.0833333333333333,3,2,7
1893,"00330","<30%",99,358,0.00333122939897609,9,3,66.3333333333333
1912,"00330","<30%",99,358,0.00908899642331159,13,3,66.3333333333333
1939,"00330","<30%",99,358,0.00153587208079108,10,3,66.3333333333333
1941,"00330","<30%",99,358,0,10,3,66.3333333333333
1956,"00330","<30%",99,358,0.00568062276456975,6,3,66.3333333333333
1957,"00330","<30%",99,358,0.00294550810014728,2,3,66.3333333333333
1984,"00331","≥80%",5,4,0.25,2,2,3
1987,"00331","≥80%",5,4,0.25,2,2,3
1988,"00331","≥80%",5,4,0.333333333333333,2,2,3
1992,"00332","<30%",5,3,0.0833333333333333,2,3,3.66666666666667
180,"00040","<30%",73,167,0.00136932707355243,6,3,49
203,"00040","<30%",73,167,0.00586854460093897,6,3,49
212,"00040","<30%",73,167,0.00352112676056338,2,3,49
213,"00040","<30%",73,167,0.00195618153364632,2,3,49
218,"00040","<30%",73,167,0.000391236306729264,3,3,49
220,"00040","<30%",73,167,0.00469483568075117,4,3,49
2005,"00340","<30%",41,70,0.00576923076923077,5,5,33
2008,"00340","<30%",41,70,0,2,4,31
2012,"00340","<30%",41,70,0,2,4,31
2014,"00340","<30%",41,70,0.00192307692307692,3,4,31
2015,"00340","<30%",41,70,0,3,4,31
2020,"00340","≥80%",41,70,0.00128205128205128,2,4,31
2021,"00340","≥80%",41,70,0,2,4,31
2022,"00340","≥80%",41,70,0,2,4,31
2023,"00340","≥80%",41,70,0.000641025641025641,2,4,31
2024,"00340","≥80%",41,70,0,2,4,31
2025,"00340","≥80%",41,70,0.000641025641025641,2,4,31
2032,"00340","<30%",41,70,0.0192307692307692,9,4,31
2037,"00340","<30%",41,70,0.0181623931623932,9,4,31
2044,"00350","<30%",89,429,0.000914315569487983,5,3,59.6666666666667
2046,"00350","<30%",89,429,0.00640020898641588,2,3,59.6666666666667
2048,"00350","<30%",89,429,0.0146290491118077,5,3,59.6666666666667
2049,"00350","<30%",89,429,0.0188740856844305,7,3,59.6666666666667
2068,"00350","<30%",89,429,0.000783699059561128,3,3,59.6666666666667
2097,"00350","≥80%",89,429,0.000696621386276559,4,3,59.6666666666667
2102,"00350","<30%",89,429,0.033307210031348,9,3,59.6666666666667
2111,"00350","<30%",89,429,0.0137206423844355,14,3,59.6666666666667
2119,"00350","<30%",89,429,0.00666144200626959,2,3,59.6666666666667
2135,"00360","<30%",66,276,0,2,3,44.3333333333333
2140,"00360","<30%",66,276,0.003125,3,3,44.3333333333333
2184,"00360","<30%",66,276,0.0177884615384615,5,3,44.3333333333333
2186,"00360","<30%",66,276,0.00913461538461539,2,3,44.3333333333333
2192,"00360","<30%",66,276,0.0605769230769231,5,3,44.3333333333333
2193,"00360","<30%",66,276,0.0533653846153846,2,3,44.3333333333333
2194,"00360","<30%",66,276,0.0456730769230769,2,3,44.3333333333333
2195,"00360","<30%",66,276,0.0375,2,3,44.3333333333333
2196,"00360","<30%",66,276,0.0295673076923077,3,3,44.3333333333333
2205,"00361","<30%",39,38,0,2,10,35.2
2210,"00361","<30%",39,38,0.00782361308677098,5,10,35.2
2218,"00361","<30%",39,38,0.000711237553342817,2,10,35.2
2219,"00361","<30%",39,38,0,2,10,35.2
2223,"00361","<30%",39,38,0.00355618776671408,5,10,35.2
2227,"00361","<30%",39,38,0.0085348506401138,3,10,35.2
2229,"00361","<30%",39,38,0.0163584637268848,5,10,35.2
2235,"00361","<30%",39,38,0.0042674253200569,4,10,35.2
2237,"00361","<30%",39,38,0.00284495021337127,3,10,35.2
2243,"00361","<30%",39,38,0.00142247510668563,2,10,35.2
2248,"00361","<30%",39,38,0.000711237553342817,2,10,35.2
2255,"00362","<30%",72,133,0.000402414486921529,2,4,54.25
2256,"00362","<30%",72,133,0.000402414486921529,2,4,54.25
2257,"00362","<30%",72,133,0,2,4,54.25
2271,"00362","<30%",72,133,0.00221327967806841,3,4,54.25
2308,"00362","<30%",72,133,0.00160965794768612,2,4,54.25
2309,"00362","<30%",72,133,0.00382293762575453,6,4,54.25
2312,"00362","<30%",72,133,0.00181086519114688,3,4,54.25
2320,"00362","<30%",72,133,0.00321931589537223,3,4,54.25
2321,"00362","<30%",72,133,0.00181086519114688,2,4,54.25
2326,"00364","≥80%",20,18,0,2,4,15.25
2327,"00364","≥80%",20,18,0,2,4,15.25
2328,"00364","<30%",20,18,0,2,4,15.25
2330,"00364","<30%",20,18,0,2,4,15.25
2331,"00364","<30%",20,18,0.00292397660818713,2,4,15.25
2333,"00364","<30%",20,18,0.00292397660818713,2,4,15.25
2335,"00364","<30%",20,18,0.00292397660818713,2,4,15.25
2336,"00364","<30%",20,18,0.00292397660818713,2,4,15.25
2337,"00364","<30%",20,18,0,2,4,15.25
2338,"00364","<30%",20,18,0.00292397660818713,2,4,15.25
2339,"00364","<30%",20,18,0,3,5,16.2
2346,"00364","<30%",20,18,0,2,4,15.25
2361,"00380","<30%",75,229,0.0140688633839319,3,4,56.5
2362,"00380","<30%",75,229,0.0205479452054795,5,4,56.5
2366,"00380","<30%",75,229,0.000185116623472788,2,4,56.5
2367,"00380","<30%",75,229,0.0286930766382821,6,4,56.5
2368,"00380","<30%",75,229,0.00666419844502036,4,5,60.2
2379,"00380","<30%",75,229,0,2,4,56.5
2380,"00380","<30%",75,229,0.000925583117363939,2,4,56.5
2381,"00380","<30%",75,229,0.00203628285820067,6,4,56.5
2388,"00380","<30%",75,229,0.00846497182113621,12,4,56.5
2389,"00380","<30%",75,229,0.0465218643300835,13,4,56.5
2396,"00380","<30%",75,229,0.000185116623472788,2,4,56.5
2400,"00380","<30%",75,229,0.00222139948167345,6,4,56.5
2406,"00380","<30%",75,229,0,2,4,56.5
2413,"00380","<30%",75,229,0,4,4,56.5
2423,"00380","<30%",75,229,0.000185116623472788,2,4,56.5
245,"00051","<30%",76,243,0.00504504504504504,11,3,51
253,"00051","<30%",76,243,0.00504504504504504,10,3,51
258,"00051","<30%",76,243,0,2,3,51
272,"00051","<30%",76,243,0.000540540540540541,7,3,51
299,"00051","<30%",76,243,0.00036036036036036,3,4,57.25
2434,"00400","≥80%",53,169,0,5,2,27
2438,"00400","≥80%",53,169,0.0248868778280543,3,3,35.6666666666667
2439,"00400","≥80%",53,169,0.0361990950226244,2,2,27
2440,"00400","≥80%",53,169,0.0467571644042232,2,2,27
2441,"00400","≥80%",53,169,0.0565610859728507,5,2,27
2442,"00400","≥80%",53,169,0.0712669683257919,11,2,27
2458,"00400","≥80%",53,169,0.00377073906485671,2,2,27
2459,"00400","≥80%",53,169,0.00735294117647059,4,2,27
2461,"00400","≥80%",53,169,0.0113122171945701,9,2,27
2463,"00400","≥80%",53,169,0.00358220211161388,6,2,27
2472,"00400","<30%",53,169,0,6,2,27
2473,"00400","<30%",53,169,0,3,3,35.6666666666667
2488,"00401","<30%",15,20,0.0164835164835165,2,4,11.5
2489,"00401","<30%",15,20,0.021978021978022,2,4,11.5
2490,"00401","<30%",15,20,0.0164835164835165,2,4,11.5
2499,"00401","<30%",15,20,0,7,4,11.5
2501,"00402","≥80%",8,7,0.142857142857143,2,2,4.5
2502,"00402","<30%",8,7,0.238095238095238,2,2,4.5
2509,"00404","<30%",17,14,0.025,2,4,13
2510,"00404","<30%",17,14,0.0416666666666667,2,4,13
2511,"00404","<30%",17,14,0.05,2,4,13
2512,"00404","<30%",17,14,0.05,2,4,13
2513,"00404","<30%",17,14,0.0416666666666667,2,4,13
2514,"00404","<30%",17,14,0.025,2,4,13
2519,"00404","<30%",17,14,0.0166666666666667,2,4,13
2520,"00404","<30%",17,14,0.025,2,4,13
2521,"00404","<30%",17,14,0.025,2,4,13
2522,"00404","<30%",17,14,0.0166666666666667,2,4,13
2526,"00404","<30%",17,14,0.00416666666666667,2,4,13
2527,"00405","<30%",14,10,0.0128205128205128,2,5,11.4
2528,"00405","<30%",14,10,0.0128205128205128,2,5,11.4
2533,"00405","<30%",14,10,0.00641025641025641,2,5,11.4
2538,"00405","≥80%",14,10,0,2,5,11.4
2539,"00405","<30%",14,10,0.00641025641025641,2,5,11.4
2541,"00405","<30%",14,10,0.00641025641025641,2,5,11.4
2550,"00410","<30%",42,245,0.0621951219512195,2,2,21.5
2551,"00410","<30%",42,245,0.0804878048780488,7,2,21.5
2566,"00410","<30%",42,245,0,5,2,21.5
2570,"00410","<30%",42,245,0.0628472222222222,21,2,21.5
2593,"00430","<30%",18,49,0.0661764705882353,7,2,9.5
2611,"00440","<30%",29,37,0.0634920634920635,6,5,23.4
2614,"00440","<30%",29,37,0.0145502645502645,4,5,23.4
2616,"00440","<30%",29,37,0,2,5,23.4
2622,"00440","<30%",29,37,0.00132275132275132,2,5,23.4
2624,"00440","<30%",29,37,0.0833333333333333,6,5,23.4
2625,"00440","<30%",29,37,0.00925925925925926,4,5,23.4
2626,"00440","<30%",29,37,0.0396825396825397,6,5,23.4
2628,"00440","<30%",29,37,0.0105820105820106,4,5,23.4
2629,"00440","<30%",29,37,0.0687830687830688,4,5,23.4
2630,"00440","<30%",29,37,0.0582010582010582,2,5,23.4
2631,"00440","<30%",29,37,0.0476190476190476,2,5,23.4
2632,"00440","<30%",29,37,0.0343915343915344,3,6,24.3333333333333
2642,"00450","≥80%",18,27,0.0147058823529412,3,2,9.5
2647,"00450","<30%",18,27,0.0110294117647059,2,2,9.5
2649,"00450","<30%",18,27,0,2,2,9.5
2657,"00450","≥80%",18,27,0.0220588235294118,5,2,9.5
2663,"00460","<30%",47,88,0.0101449275362319,8,4,35.5
2666,"00460","<30%",47,88,0.0347826086956522,10,4,35.5
2673,"00460","<30%",47,88,0.0570048309178744,11,4,35.5
2674,"00460","<30%",47,88,0.0154589371980676,10,4,35.5
2677,"00460","<30%",47,88,0.00193236714975845,8,4,35.5
2678,"00460","<30%",47,88,0.0144927536231884,9,4,35.5
2683,"00460","<30%",47,88,0,2,4,35.5
2684,"00460","<30%",47,88,0,2,4,35.5
2686,"00460","<30%",47,88,0.000966183574879227,2,4,35.5
2687,"00460","<30%",47,88,0.000966183574879227,2,4,35.5
2688,"00460","<30%",47,88,0,4,4,35.5
2693,"00460","<30%",47,88,0,2,4,35.5
2694,"00460","<30%",47,88,0,2,4,35.5
2695,"00460","<30%",47,88,0.000966183574879227,2,4,35.5
2696,"00460","<30%",47,88,0.000966183574879227,2,4,35.5
2709,"00460","<30%",47,88,0,2,4,35.5
2710,"00460","<30%",47,88,0,2,4,35.5
2711,"00460","<30%",47,88,0.0072463768115942,2,4,35.5
2712,"00460","<30%",47,88,0.0188405797101449,5,4,35.5
2713,"00460","<30%",47,88,0.0135265700483092,2,4,35.5
336,"00052","<30%",57,214,0.00730519480519481,11,2,29
337,"00052","<30%",57,214,0,7,2,29
2718,"00471","≥80%",14,34,0.173076923076923,8,2,7.5
2733,"00472","<30%",15,37,0.10989010989011,9,3,10.3333333333333
2740,"00472","<30%",15,37,0.208791208791209,11,2,8
2755,"00480","<30%",49,228,0.0332446808510638,5,4,37
2787,"00480","<30%",49,228,0.0226063829787234,5,6,41
2792,"00480","<30%",49,228,0.00557244174265451,20,4,37
2813,"00500","<30%",91,505,0.0103620474406991,5,2,46
2865,"00500","<30%",91,505,0.0419631157458324,20,3,61
2871,"00500","<30%",91,505,0,5,2,46
2893,"00500","<30%",91,505,0.0878418711574054,18,2,46
2901,"00510","≥80%",35,50,0.0124777183600713,4,5,28.2
2904,"00510","≥80%",35,50,0.0089126559714795,3,5,28.2
2914,"00510","≥80%",35,50,0.0017825311942959,2,5,28.2
2923,"00510","≥80%",35,50,0.0035650623885918,2,5,28.2
2925,"00510","≥80%",35,50,0.0133689839572193,8,5,28.2
2933,"00510","≥80%",35,50,0.0071301247771836,2,5,28.2
2938,"00510","≥80%",35,50,0.0017825311942959,2,5,28.2
2948,"00512","≥80%",9,18,0.0892857142857143,7,2,5
2951,"00513","≥80%",29,24,0.00132275132275132,2,6,24.3333333333333
2958,"00513","≥80%",29,24,0.00661375661375661,2,6,24.3333333333333
2962,"00513","≥80%",29,24,0.00396825396825397,2,6,24.3333333333333
2967,"00513","≥80%",29,24,0.00661375661375661,2,6,24.3333333333333
2973,"00513","<30%",29,24,0.00661375661375661,2,6,24.3333333333333
2975,"00513","≥80%",29,24,0.00661375661375661,2,6,24.3333333333333
360,"00053","<30%",52,109,0.000392156862745098,2,3,35
362,"00053","<30%",52,109,0.00196078431372549,3,3,35
363,"00053","<30%",52,109,0.00235294117647059,3,4,39.25
365,"00053","<30%",52,109,0.00117647058823529,2,3,35
389,"00053","<30%",52,109,0.00274509803921569,3,3,35
392,"00053","<30%",52,109,0,3,4,39.25
394,"00053","<30%",52,109,0,2,3,35
395,"00053","<30%",52,109,0.00313725490196078,5,3,35
396,"00053","<30%",52,109,0.00156862745098039,2,3,35
397,"00053","<30%",52,109,0.0258823529411765,11,3,35
399,"00053","<30%",52,109,0.000392156862745098,2,3,35
408,"00053","<30%",52,109,0,2,3,35
409,"00053","<30%",52,109,0.000392156862745098,2,3,35
2992,"00515","<30%",4,3,0.333333333333333,2,2,2.5
2993,"00515","<30%",4,3,0.333333333333333,2,2,2.5
3022,"00520","<30%",134,328,0.00494133059922534,9,3,89.6666666666667
3042,"00520","<30%",134,328,0.0037593984962406,2,3,89.6666666666667
3043,"00520","<30%",134,328,0.00262018683071315,2,3,89.6666666666667
3044,"00520","<30%",134,328,0.00136705399863295,2,3,89.6666666666667
3046,"00520","<30%",134,328,0.00655046707678287,9,3,89.6666666666667
3047,"00520","<30%",134,328,0.00546821599453178,2,3,89.6666666666667
3048,"00520","<30%",134,328,0.00427204374572796,2,3,89.6666666666667
3049,"00520","<30%",134,328,0.00296195033037138,2,3,89.6666666666667
3050,"00520","<30%",134,328,0.00153793574846206,2,3,89.6666666666667
3057,"00520","≥80%",134,328,0.0122465254044201,9,3,89.6666666666667
3067,"00520","<30%",134,328,0.000341763499658237,2,3,89.6666666666667
3069,"00520","<30%",134,328,0.00102529049897471,2,3,89.6666666666667
3070,"00520","<30%",134,328,0.000569605832763727,2,3,89.6666666666667
3072,"00520","<30%",134,328,0,2,3,89.6666666666667
3073,"00520","<30%",134,328,0.00119617224880383,4,3,89.6666666666667
3079,"00520","<30%",134,328,0.00199362041467305,5,3,89.6666666666667
3088,"00520","<30%",134,328,0.000569605832763727,3,3,89.6666666666667
3089,"00520","≥80%",134,328,0.0203349282296651,11,3,89.6666666666667
3100,"00520","<30%",134,328,0.00182273866484393,2,3,89.6666666666667
3111,"00520","<30%",134,328,0.000398724082934609,3,3,89.6666666666667
3113,"00520","<30%",134,328,0.00136705399863295,7,3,89.6666666666667
3114,"00520","<30%",134,328,0.00153793574846206,3,3,89.6666666666667
3116,"00520","<30%",134,328,0.00205058099794942,6,3,89.6666666666667
3118,"00520","<30%",134,328,0.00780359990886307,9,3,89.6666666666667
3119,"00520","<30%",134,328,0.0050125313283208,2,3,89.6666666666667
3120,"00520","<30%",134,328,0.00393028024606972,2,3,89.6666666666667
3121,"00520","<30%",134,328,0.00273410799726589,2,3,89.6666666666667
3122,"00520","<30%",134,328,0.00142401458190932,2,3,89.6666666666667
3136,"00521","<30%",14,15,0.0769230769230769,2,2,7.5
3137,"00521","<30%",14,15,0.0961538461538462,2,2,7.5
3138,"00521","<30%",14,15,0.0769230769230769,4,2,7.5
3145,"00521","≥80%",14,15,0.0769230769230769,4,2,7.5
3146,"00521","<30%",14,15,0.0448717948717949,2,2,7.5
3147,"00521","<30%",14,15,0.102564102564103,2,2,7.5
3148,"00521","<30%",14,15,0.0961538461538462,2,2,7.5
3154,"00522","<30%",20,18,0,3,6,16.8333333333333
3158,"00522","<30%",20,18,0.0087719298245614,2,5,16.2
3159,"00522","<30%",20,18,0.0116959064327485,2,5,16.2
3160,"00522","<30%",20,18,0.0087719298245614,2,5,16.2
3167,"00522","<30%",20,18,0,2,5,16.2
3185,"00523","<30%",27,52,0.0738461538461539,8,2,14
3186,"00523","<30%",27,52,0.0292307692307692,8,2,14
3187,"00523","≥80%",27,52,0.0307692307692308,8,2,14
3191,"00523","<30%",27,52,0.0138461538461538,2,2,14
3193,"00523","<30%",27,52,0.0230769230769231,2,2,14
3194,"00523","<30%",27,52,0.0415384615384615,8,2,14
3195,"00523","<30%",27,52,0.0307692307692308,2,2,14
3196,"00523","<30%",27,52,0.0169230769230769,2,2,14
3198,"00523","≥80%",27,52,0.0676923076923077,10,2,14
3200,"00523","<30%",27,52,0.0153846153846154,8,2,14
3201,"00523","<30%",27,52,0.06,2,2,14
3202,"00523","<30%",27,52,0.0430769230769231,2,2,14
3206,"00523","<30%",27,52,0.0246153846153846,8,2,14
3208,"00523","<30%",27,52,0.0969230769230769,8,2,14
3209,"00523","<30%",27,52,0.0676923076923077,3,2,14
3214,"00524","<30%",35,45,0.0463458110516934,3,3,23.6666666666667
3215,"00524","<30%",35,45,0.0668449197860963,3,2,18
3217,"00524","<30%",35,45,0.117647058823529,4,2,18
3218,"00524","<30%",35,45,0.144385026737968,3,2,18
3219,"00524","<30%",35,45,0.142602495543672,3,2,18
3220,"00524","<30%",35,45,0.147058823529412,3,2,18
3221,"00524","<30%",35,45,0.137254901960784,3,2,18
3222,"00524","<30%",35,45,0.133689839572193,3,2,18
3224,"00524","<30%",35,45,0.0169340463458111,2,2,18
3225,"00524","<30%",35,45,0.0320855614973262,2,2,18
3226,"00524","<30%",35,45,0.0454545454545455,2,2,18
3227,"00524","<30%",35,45,0.071301247771836,4,3,23.6666666666667
3229,"00524","<30%",35,45,0.0454545454545455,3,2,18
3230,"00524","<30%",35,45,0.0320855614973262,2,2,18
3233,"00524","<30%",35,45,0.0169340463458111,2,2,18
3234,"00524","<30%",35,45,0.00623885918003565,3,2,18
3236,"00524","<30%",35,45,0.0320855614973262,5,2,18
3237,"00524","<30%",35,45,0.00267379679144385,4,2,18
3239,"00524","<30%",35,45,0.0035650623885918,4,2,18
3240,"00524","<30%",35,45,0,4,2,18
3248,"00524","<30%",35,45,0.135472370766488,3,2,18
3251,"00525","<30%",14,11,0.00641025641025641,3,5,11.4
3258,"00525","≥80%",14,11,0.00641025641025641,2,5,11.4
3262,"00525","<30%",14,11,0.0192307692307692,2,5,11.4
3263,"00525","<30%",14,11,0.0256410256410256,2,5,11.4
3264,"00525","<30%",14,11,0.0192307692307692,2,5,11.4
3283,"00531","<30%",23,21,0.025974025974026,2,5,18.6
3290,"00532","≥80%",7,6,0.1,2,2,4
3292,"00532","≥80%",7,6,0.0333333333333333,2,2,4
3297,"00532","≥80%",7,6,0,2,2,4
3298,"00532","≥80%",7,6,0.133333333333333,2,2,4
3299,"00532","≥80%",7,6,0.1,2,2,4
425,"00061","<30%",170,1063,0.0002465483234714,4,5,136.2
436,"00061","≥80%",170,1063,0,3,5,136.2
558,"00061","<30%",170,1063,0.00443103002554838,12,5,136.2
561,"00061","≥80%",170,1063,0,2,5,136.2
572,"00061","≥80%",170,1063,0.000352211890673429,4,5,136.2
573,"00061","≥80%",170,1063,0.000986193293885602,3,5,136.2
575,"00061","≥80%",170,1063,7.04423781346858e-05,2,5,136.2
576,"00061","≥80%",170,1063,7.04423781346858e-05,2,5,136.2
3319,"00540","≥80%",37,48,0.0380952380952381,2,5,29.8
3321,"00540","≥80%",37,48,0.0634920634920635,4,5,29.8
3322,"00540","≥80%",37,48,0.053968253968254,3,5,29.8
3328,"00540","<30%",37,48,0.0515873015873016,6,5,29.8
3329,"00540","≥80%",37,48,0.0785714285714286,3,5,29.8
3330,"00540","≥80%",37,48,0.1,6,7,31.8571428571429
3333,"00540","≥80%",37,48,0.0142857142857143,2,5,29.8
3334,"00540","≥80%",37,48,0.0301587301587302,3,5,29.8
3335,"00540","≥80%",37,48,0.0158730158730159,2,5,29.8
3337,"00540","<30%",37,48,0.00158730158730159,2,5,29.8
3344,"00540","<30%",37,48,0.00952380952380952,4,5,29.8
3347,"00540","<30%",37,48,0.0103174603174603,3,5,29.8
3351,"00540","<30%",37,48,0.00873015873015873,4,5,29.8
3360,"00550","≥80%",20,25,0.0263157894736842,3,2,10.5
3361,"00550","≥80%",20,25,0.0730994152046784,4,2,10.5
3365,"00550","≥80%",20,25,0.087719298245614,3,2,10.5
3366,"00550","≥80%",20,25,0.064327485380117,2,2,10.5
3368,"00550","≥80%",20,25,0.0350877192982456,4,2,10.5
3371,"00550","<30%",20,25,0.00584795321637427,2,2,10.5
3372,"00550","<30%",20,25,0.00584795321637427,2,2,10.5
3375,"00550","≥80%",20,25,0.0350877192982456,2,2,10.5
3392,"00550","<30%",20,25,0,3,2,10.5
3400,"00561","<30%",48,184,0.0105566201195248,13,3,32.3333333333333
3425,"00561","<30%",48,184,0,2,3,32.3333333333333
3428,"00561","<30%",48,184,0.0346901017576318,9,3,32.3333333333333
3431,"00561","<30%",48,184,0,3,3,32.3333333333333
3452,"00562","<30%",56,141,0.0181818181818182,4,2,28.5
3453,"00562","<30%",56,141,0.0168350168350168,4,2,28.5
3475,"00562","<30%",56,141,0.00808080808080808,5,2,28.5
3477,"00562","<30%",56,141,0.0911784511784512,12,2,28.5
3478,"00562","<30%",56,141,0.0572390572390572,5,2,28.5
3479,"00562","<30%",56,141,0.0471380471380471,2,2,28.5
3480,"00562","<30%",56,141,0.0363636363636364,2,2,28.5
3481,"00562","<30%",56,141,0.0249158249158249,2,2,28.5
3482,"00562","<30%",56,141,0.0131313131313131,3,3,37.6666666666667
3490,"00562","<30%",56,141,0.00202020202020202,5,2,28.5
3497,"00563","≥80%",3,2,0,2,2,2
3561,"00564","<30%",76,285,0,10,2,38.5
3567,"00564","<30%",76,285,0.0291891891891892,6,2,38.5
3568,"00564","<30%",76,285,0.0252252252252252,2,2,38.5
3569,"00564","<30%",76,285,0.0209009009009009,4,2,38.5
3570,"00564","<30%",76,285,0.00576576576576577,4,2,38.5
3578,"00565","<30%",27,46,0,2,2,14
3580,"00565","<30%",27,46,0,3,2,14
3583,"00565","<30%",27,46,0.00153846153846154,3,2,14
3584,"00565","<30%",27,46,0,3,2,14
3585,"00565","<30%",27,46,0.00358974358974359,4,2,14
3586,"00565","<30%",27,46,0.00307692307692308,4,2,14
3587,"00565","<30%",27,46,0,5,2,14
3595,"00565","<30%",27,46,0,6,2,14
3600,"00565","<30%",27,46,0.00461538461538462,3,2,14
3603,"00565","<30%",27,46,0,4,2,14
3611,"00572","≥80%",5,4,0.25,2,2,3
3612,"00572","≥80%",5,4,0.333333333333333,2,2,3
3613,"00572","≥80%",5,4,0.25,2,2,3
586,"00062","≥80%",47,61,0.0144927536231884,3,4,35.5
590,"00062","≥80%",47,61,0.0603864734299517,3,4,35.5
594,"00062","≥80%",47,61,0.0869565217391304,3,4,35.5
598,"00062","≥80%",47,61,0.0942028985507246,3,4,35.5
603,"00062","≥80%",47,61,0.078743961352657,3,4,35.5
608,"00062","≥80%",47,61,0.0468599033816425,3,4,35.5
623,"00062","≥80%",47,61,0,2,4,35.5
624,"00062","≥80%",47,61,0.000966183574879227,2,4,35.5
625,"00062","≥80%",47,61,0.000966183574879227,2,4,35.5
3621,"00590","<30%",40,150,0.0103651222072275,13,3,27
3622,"00590","<30%",40,150,0.0103651222072275,13,3,27
3623,"00590","<30%",40,150,0.0103651222072275,12,3,27
3624,"00590","<30%",40,150,0.0103651222072275,13,3,27
3630,"00590","≥80%",40,150,0.00134952766531714,4,3,27
3635,"00590","≥80%",40,150,0,2,3,27
3637,"00590","<30%",40,150,0.0349940020992653,18,3,27
3640,"00590","<30%",40,150,0.00269905533063428,3,3,27
3641,"00590","<30%",40,150,0.0187996701154596,16,3,27
3642,"00590","<30%",40,150,0.00134952766531714,3,3,27
3644,"00590","<30%",40,150,0.00202429149797571,3,3,27
3651,"00590","<30%",40,150,0.000674763832658569,6,3,27
3667,"00591","<30%",18,113,0.16202731092437,17,2,9.5
3678,"00592","<30%",19,17,0,2,4,14.5
3679,"00592","<30%",19,17,0,2,4,14.5
3680,"00592","<30%",19,17,0,2,4,14.5
3681,"00592","<30%",19,17,0.00326797385620915,2,4,14.5
3682,"00592","<30%",19,17,0.00326797385620915,2,4,14.5
3684,"00592","≥80%",19,17,0,2,4,14.5
3685,"00592","<30%",19,17,0,2,4,14.5
3686,"00592","<30%",19,17,0.00980392156862745,3,4,14.5
3689,"00592","≥80%",19,17,0,2,4,14.5
3691,"00592","<30%",19,17,0,2,4,14.5
3695,"00592","<30%",19,17,0,3,4,14.5
3702,"00600","<30%",40,154,0.229359724096566,16,2,20.5
3714,"00600","<30%",40,154,0.0178137651821862,7,2,20.5
3743,"00601","<30%",56,114,0.000336700336700337,2,7,48.1428571428571
3748,"00601","<30%",56,114,0.000336700336700337,6,7,48.1428571428571
3750,"00601","<30%",56,114,0.00134680134680135,4,7,48.1428571428571
3789,"00601","<30%",56,114,0.0037037037037037,4,7,48.1428571428571
3805,"00603","<30%",15,16,0.0961538461538462,6,4,11.5
3809,"00603","<30%",15,16,0.00549450549450549,2,4,11.5
3812,"00603","<30%",15,16,0.0384615384615385,2,4,11.5
3844,"00620","<30%",73,731,0.0129633226261629,28,2,37
3887,"00620","≥80%",73,731,0.0258215962441315,19,2,37
3897,"00620","≥80%",73,731,0,9,2,37
3907,"00621","<30%",14,18,0.0192307692307692,4,2,7.5
3909,"00621","<30%",14,18,0.0192307692307692,2,2,7.5
3910,"00621","<30%",14,18,0.0256410256410256,2,2,7.5
3911,"00621","<30%",14,18,0.0192307692307692,4,2,7.5
3913,"00621","<30%",14,18,0.0192307692307692,2,2,7.5
3914,"00621","<30%",14,18,0.0256410256410256,2,2,7.5
3919,"00621","<30%",14,18,0.0384615384615385,5,2,7.5
3927,"00622","<30%",30,28,0,3,7,25.8571428571429
3928,"00622","<30%",30,28,0.00246305418719212,3,7,25.8571428571429
3929,"00622","<30%",30,28,0.00246305418719212,3,7,25.8571428571429
3935,"00622","<30%",30,28,0.00123152709359606,2,6,25.1666666666667
3940,"00622","<30%",30,28,0.00738916256157635,2,6,25.1666666666667
3945,"00622","<30%",30,28,0.0221674876847291,3,6,25.1666666666667
3946,"00622","<30%",30,28,0.0197044334975369,3,7,25.8571428571429
